<Ui xmlns='http://www.blizzard.com/wow/ui/'>
	<Script file='..\..\..\Core\Modules\DataTexts\Ammo.lua'/>
	<Script file='..\..\..\Core\Modules\DataTexts\Avoidance.lua'/>
	<Script file='..\..\..\Core\Modules\DataTexts\Block.lua'/>
	<Script file='..\..\..\Core\Modules\DataTexts\Defense.lua'/>
	<Script file='..\..\..\Core\Modules\DataTexts\Dodge.lua'/>
	<Script file='..\..\..\Core\Modules\DataTexts\EnergyRegen.lua'/>
	<Script file='..\..\..\Core\Modules\DataTexts\HealPower.lua'/>
	<Script file='..\..\..\Core\Modules\DataTexts\Hit.lua'/>
	<Script file='..\..\..\Core\Modules\DataTexts\Parry.lua'/>
	<Script file='..\..\..\Core\Modules\DataTexts\SpellCrit.lua'/>
	<Script file='..\..\..\Core\Modules\DataTexts\SpellHit.lua'/>
	<Script file='..\..\..\Core\Modules\DataTexts\SpellPower.lua'/>
</Ui>
